"Status","Name","Duration in ms","Description"
"passed","test.test_web.test_enroll.TestEnroll#test_nikename_err_enroll","2352",""
"passed","test.test_web.test_enroll.TestEnroll#test_nikename_err_enroll","2258",""
"passed","test.test_web.test_enroll.TestEnroll#test_case01_enroll","10381",""
"passed","test.test_web.test_enroll.TestEnroll#test_pwd_err_example","2265",""
"passed","test.test_web.test_login.Test_Login#test_01_login","4221",""
"passed","test.test_web.test_enroll.TestEnroll#test_email_err_enroll","2249",""
"passed","test.test_web.test_enroll.TestEnroll#test_repwd_err_example","2254",""
"passed","test.test_web.test_enroll.TestEnroll#test_pwd_err_example","2273",""
"failed","test.test_web.test_login.Test_Login#test_02_login","4192",""
"passed","test.test_web.test_to_login.Test_HomePage#test_to_login","2069",""
"passed","test.test_web.test_enroll.TestEnroll#test_email_err_enroll","2264",""
"passed","test.test_web.test_enroll.TestEnroll#test_email_err_enroll","2283",""
"passed","test.test_web.test_enroll.TestEnroll#test_nikename_err_enroll","2271",""
"passed","test.test_web.test_enroll.TestEnroll#test_email_err_enroll","2278",""
"failed","test.test_web.test_login.Test_Login#test_02_login","4179",""
"failed","test.test_web.test_login.Test_Login#test_02_login","4177",""
"passed","test.test_web.test_enroll.TestEnroll#test_check_code_err_example","2260",""
"failed","test.test_web.test_login.Test_Login#test_02_login","4171",""
